AHC_class,moderate,steep
1,61.904761904761905,38.095238095238095
2,83.33333333333334,16.666666666666664
3,70.0,30.0
4,80.95238095238095,19.047619047619047
5,80.0,20.0
6,70.0,30.0
7,54.166666666666664,45.83333333333333
8,93.33333333333333,6.666666666666667
9,0.0,100.0
